Dimension;Reserveret;Kvalitet
100 10;;S275
100 10;;S275
100 10;;S275
100 10;;S275
100 10;;S275
100 12;;S275
100 12;;S275
100 12;;S275
100 15;clr 19-02-15;S275
100 15;;S275
100 15;;S275
100 15;;S275
100 15;rsw 19-02-15;S355
100 15;;S355
100 20;;S355
100 20;;S355
100 20;rsw 20-08-14;S275
100 20;rsw 18-12-14;S355
100 25;;S275
100 25;;S355
100 25;;S355
100 25;;S355
100 25;;S275
100 30;;S275
100 40;;S275
100 45;;S355
100 45;;S355
100 45;;S355
100 45;rsw 06-03-14;S355
100 5;;S275
100 6;;S275
100 60;;S275
100 60;;S275
100 8;;S275
100 8;rsw 10-07-14;S355
100 8;;S275
100 8;;S275
100 8;;S275
110 10;;S275
110 10;;S275
110 10;;S275
110 10;;S275
110 10;;S275
110 10;;S275
110 10;;S275
110 15;rsw 11-09-14;S275
110 15;;S275
110 25;;S275
110 25;;S275
120 10;;S355
120 10;;S275
120 10;;S275
120 10;;S275
120 10;;S275
120 10;;S275
120 10;;S355
120 10;;S275
120 10;;S275
120 12;rsw 06-03-14;S275
120 12;;S275
120 15;;S275
120 15;;S355
120 15;;S355
120 15;;S275
120 15;;S275
120 15;;S275
120 15;;S355
120 15;rsw 19-02-15;S355
120 20;;S275
120 20;;S275
120 25;;S275
120 30;;S275
120 30;;S275
120 5;;S275
150 12;;S275
130 10;;S275
130 12;;S275
130 12;;S275
130 15;;S275
130 20;;S275
130 20;;S275
130 20;;S275
130 25;;S275
130 25;;S275
130 8;rsw 05-12-13;S275
140 10;;S275
140 10;;S355
140 10;;S275
140 10;;S275
140 10;;S275
140 10;;S275
140 10;;S275
140 10;;S275
140 10;rsw 29-01-15;S275
140 10;;S275
140 10;;S355
140 10;;S275
140 12;rsw 12-01-15;S275
140 15;;S275
140 15;;S355
140 15;;S355
140 15;;S275
140 15;;S355
140 15;;S275
140 15;;S355
140 20;jly 16-01-15;S355
140 20;;S275
140 20;;S355
140 20;;S275
140 20;;S275
140 25;;S275
140 25;;S275
140 25;;S275
140 30;;S275
140 30;;S355
140 30;;S355
140 60;;S275
140 60;;S355
140 60;;S355
140 60;;S275
140 60;rsw 06-03-14;S355
140 8;;S275
140 8;;S275
140 8;;S275
140 8;;S275
140 8;;S275
140 8;;S275
140 8;;S275
150 10;;S355
150 10;;S275
150 10;;S275
150 10;;S355
150 12;;S275
150 12;;S275
150 12;;S275
150 12;;S275
150 15;;S355
150 15;;S275
150 15;clr 04-12-14;S275
150 15;;S275
150 15;;S275
150 15;;S355
150 15;rsw 22-10-14;S355
150 20;;S275
150 20;;S355
150 20;rsw 01-12-14;S355
150 20;;S275
150 25;;S275
150 30;;S355
150 30;;S275
150 30;;S355
150 50;;S275
150 50;;S275
150 6;;S275
150 8;;S275
150 8;;S275
150 8;;S275
150 8;;S275
150 8;;S275
150 8;;S275
150 8;;S275
150 8;;S275
150 8;;S275
150 8;;S275
150 8;;S275
150 8;;S275
150 12;;S275
155 15;;S275
155 15;;S275
155 15;;S275
155 15;;S275
155 15;;S275
155 20;;S275
155 20;;S275
155 25;;S355
155 25;rsw 06-03-14;S275
155 40;;S355
160 10;;S275
160 10;;S275
160 10;;S275
160 10;;S275
160 10;;S275
160 10;;S355
160 10;;S275
160 10;;S275
160 10;;S275
160 10;;S275
160 10;;S275
160 10;;S275
160 10;;S275
160 12;;S275
160 12;;S355
160 12;;S275
160 15;;S355
160 15;;S275
160 15;;S275
160 15;;S275
160 15;;S275
160 15;;S275
160 15;rsw 01-12-14;S355
160 15;;S275
160 15;;S275
160 15;;S275
160 15;;S275
160 15;;S355
160 15;;S275
160 20;rha 18-02-15;S355
160 20;rha 18-02-15;S275
160 20;;S275
160 20;;S275
160 20;;S275
160 25;;S355
160 25;;S355
160 25;;S275
160 25;gsh 01-05-14;S275
160 25;;S275
160 40;;S355
175 40;rsw 06-03-14;S355
180 10;rsw 29-04-14;S275
180 10;;S275
180 10;;S275
180 10;;S275
180 10;;S275
180 10;;S275
180 10;;S275
180 10;;S275
180 10;;S275
180 12;;S275
180 12;;S275
180 12;;S275
180 12;;S275
180 12;;S275
180 12;;S275
180 12;;S275
180 12;;S275
180 12;;S275
180 12;;S275
180 12;;S275
180 12;;S275
180 12;;S275
180 15;;S275
180 15;;S275
180 15;;S275
180 15;;S275
180 15;;S275
180 15;;S275
180 15;;S275
180 15;;S275
180 20;;S355
180 20;;S355
180 20;;S275
180 20;;S275
180 20;;S275
180 20;;S275
180 20;;S275
180 20;;S275
180 20;;S275
180 20;;S355
180 20;;S275
180 25;;S275
180 30;;S355
180 30;;S355
180 30;;S355
180 30;;S275
180 6;;S275
180 8;;S275
20 10;rsw 06-03-14;S355
20 10;;S355
200 10;;S275
200 10;;S275
200 10;;S275
200 10;;S275
200 10;;S275
200 10;;S275
200 10;;S275
200 10;;S275
200 12;;S275
200 12;;S275
200 12;;S275
200 12;;S275
200 12;;S275
200 12;;S275
200 12;;S275
200 12;;S275
200 15;;S275
200 15;;S355
200 15;clr 19-02-15;S275
200 15;;S355
200 15;;S355
200 15;;S355
200 15;;S275
200 15;;S355
200 15;rsw 18-11-14;S355
200 15;;S275
200 15;;S275
200 15;;S275
200 15;;S275
200 15;;S275
200 15;;S275
200 15;;S275
200 15;clr 19-02-15;S275
200 15;;S355
200 15;;S355
200 15;;S355
200 15;;S355
200 15;;S355
200 15;;S355
200 20;;S275
200 20;;S355
200 20;;S275
200 20;;S275
200 20;;S275
200 20;;S355
200 20;;S355
200 20;rsw 01-12-14;S355
200 20;;S275
200 20;rsw 07-01-15;S355
200 20;rsw 07-01-15;S355
200 25;;S275
200 25;;S275
200 25;rsw 12-01-15;S275
200 25;;S275
200 30;;S275
200 30;;S355
200 30;;S355
200 30;jly 20-10-14;S355
200 30;;S275
200 30;;S355
200 30;;S275
200 30;;S355
200 30;;S355
200 35;;S275
200 35;;S275
200 40;;S275
200 40;;S275
200 6;;S275
200 6;;S275
200 6;;S275
200 8;;S275
200 8;;S275
230 10;;S275
230 12;;S275
230 12;;S275
230 12;;S275
230 15;;S275
230 15;;S275
230 15;;S355
230 15;rsw 29-09-14;S275
230 15;;S275
230 15;rsw 01-12-14;S355
230 20;;S275
230 20;;S275
230 20;;S275
230 25;;S275
230 25;;S275
250 10;;S275
250 10;;S275
250 10;;S275
250 10;;S275
250 12;;S275
250 12;;S355
250 12;;S275
250 12;;S275
250 12;;S275
250 12;;S275
250 12;;S275
250 12;;S275
250 12;;S275
250 12;;S275
250 12;;S275
250 12;;S275
250 12;;S275
250 15;;S355
250 15;;S275
250 15;;S355
250 15;;S275
250 15;;S355
250 15;;S275
250 15;;S275
250 15;;S275
250 15;;S275
250 15;;S275
250 15;;S275
250 15;;S275
250 15;;S275
250 15;;S275
250 15;;S275
250 15;;S275
250 15;;S355
250 15;;S275
250 15;rsw 31-10-14;S355
250 15;;S355
250 16;;S355
250 20;;S355
250 20;;S355
250 20;;S275
250 20;;S275
250 20;rsw 19-02-15;S275
250 20;rsw 19-02-15;S275
250 20;rsw 01-12-14;S355
250 20;rsw 19-02-15;S275
250 20;;S275
250 20;rsw 02-12-14;S355
250 20;CBU 28-01-15;S355
250 25;;S275
250 25;;S275
250 25;;S275
250 25;rsw 08-01-15;S275
250 25;;S275
250 30;;S355
250 30;;S275
250 30;;S275
250 30;;S275
250 30;;S275
250 30;rsw 01-12-14;S355
250 35;;S275
250 40;rsw 01-12-14;S355
250 40;rsw 01-12-14;S355
250 40;rsw 19-01-15;S355
250 40;rsw 01-12-14;S355
250 40;rsw 01-12-14;S355
260 12;;S275
260 12;;S275
30 10;;S275
30 15;rsw 06-03-14;S275
30 30;;S275
30 5;;S275
30 6;;S275
30 6;;S275
300 10;;S275
300 10;;S275
300 10;;S275
300 12;;S275
300 12;;S275
300 15;;S275
300 15;;S275
300 15;;S275
300 15;;S275
300 15;;S355
300 15;;S355
300 15;;S355
300 15;;S355
300 15;rsw 14-11-14;S355
300 15;rsw 01-12-14;S355
300 15;rsw 01-12-14;S355
300 15;;S275
300 15;rsw 19-02-15;S275
300 20;;S275
300 20;;S355
300 20;;S275
300 20;;S275
300 20;;S275
300 20;;S275
300 20;;S355
300 20;;S275
300 20;;S275
300 20;;S275
300 20;;S355
300 20;;S275
300 20;rsw 04-01-15;S355
300 25;;S355
300 25;;S275
300 25;;S275
300 25;;S275
300 25;;S275
300 25;;S275
300 25;;S275
300 25;rsw 04-09-14;S275
300 25;rsw 04-09-14;S275
300 30;;S355
300 30;;S355
300 30;;S275
300 30;rsw 15-01-15;S275
300 30;rsw 22-01-15;S275
300 30;;S355
300 30;;S275
300 30;;S275
300 30;;S355
300 40;;S355
300 40;;S275
300 40;;S275
300 50;;S355
300 8;;S355
340 12;rsw 06-03-14;S275
340 12;;S275
35 8;;S275
350 12;;S275
350 15;rsw 23-06-14;S275
350 15;;S275
350 20;;S275
350 20;;S355
350 20;;S355
350 20;rsw 16-12-14;S275
350 20;;S275
350 25;;S275
350 25;;S275
350 30;rsw 13-10-14;S275
350 40;;S355
40 10;;S275
40 10;;S355
40 15;;S275
40 15;;S275
40 15;;S275
40 20;;S275
40 40;;S355
40 5;;S275
40 5;rsw 16-10-14;S275
40 5;;S275
40 6;;S275
40 8;;S275
400 12;;S355
400 15;;S275
400 15;;S275
400 15;;S275
400 15;;S275
400 15;;S275
400 15;;S275
400 15;rsw 29-09-14;S275
400 15;;S355
400 15;;S355
400 20;;S355
400 20;;S355
400 20;rsw 26-06-14;S355
400 20;;S355
400 20;;S355
400 20;rsw 24-06-14;S355
400 25;;S275
400 25;rsw 07-10-14;S275
400 30;;S355
400 30;;S355
400 30;;S355
400 40;;S275
400 8;;S355
450 15;;S275
450 15;rsw 26-11-14;S355
450 15;rsw 01-12-14;S355
450 15;;S355
450 35;;S355
50 10;;S275
50 20;;S275
50 20;;S275
50 30;;S355
50 30;rsw 21-01-15;S355
50 50;;S355
50 50;;S275
50 6;;S275
50 6;;S275
50 8;;S355
50 8;;S275
500 12;;S275
500 15;;S355
500 20;;S355
500 20;;S275
500 20;;S275
55 8;;S275
60 10;;S275
60 10;;S355
60 10;;S355
60 10;;S275
60 10;;S275
60 12;;S275
60 15;;S275
60 15;;S275
60 15;;S275
60 20;;S275
60 20;;S275
60 30;;S275
60 40;;S275
60 40;;S275
60 40;;S355
60 40;;S355
60 5;;S275
60 5;;S275
60 6;;S275
60 6;;S275
60 6;;S275
60 60;;S275
60 8;;S275
60 8;;S275
60 8;;S275
60 8;;S275
60 8;;S275
600 15;;S275
600 20;;S355
600 20;;S355
600 20;;S355
65 10;;S275
65 30;;S275
70 10;;S275
70 10;;S275
70 12;;S275
70 12;;S275
70 15;;S275
70 25;;S275
70 25;;S275
70 25;;S275
70 8;;S275
70 8;;S275
75 15;;S275
75 40;;S355
75 5;;S275
80 10;;S355
80 10;;S275
80 10;;S275
80 12;rsw 13-11-14;S275
80 15;;S275
80 15;rsw 05-01-15;S355
80 15;;S275
80 20;;S275
80 20;;S275
80 20;rsw 14-12-12;S355
80 20;;S275
80 25;;S275
80 30;;S275
80 5;;S275
80 5;;S275
80 50;;S355
80 6;;S275
80 6;rsw 06-03-14;S275
80 6;rsw 11-08-14;S275
80 6;;S275
80 6;;S275
80 8;;S275
80 8;;S275
80 8;;S275
90 10;;S275
90 10;;S275
90 10;;S275
90 10;;S275
90 10;;S275
90 10;;S275
90 10;;S355
90 12;;S275
90 15;;S275
90 15;;S275
90 15;;S275
90 15;;S355
90 15;;S275
90 15;;S275
90 20;;S275
90 25;;S275
90 5;rsw 13-11-14;S275
90 8;;S275
90 8;;S275
